{
   "BodyMorphs" : {
      "BigButt" : 0.2617458701133728,
      "BreastFantasy" : 0.3883965313434601,
      "BreastFlatness2" : 0.0257287472486496,
      "BreastGravity2" : 0.000543565081898123,
      "Breasts" : 0.2523961067199707
   },
   "Gender" : 1,
   "HairColor" : "Fallout4.esm|19EE62",
   "HeadParts" : [
      "Fallout4.esm|04D0E9",
      "Fallout4.esm|0CFB3F",
      "Fallout4.esm|0CFB4E",
      "Fallout4.esm|14EC2A",
      "Fallout4.esm|1C4093",
      "Fallout4.esm|11CCBC"
   ],
   "Morphs" : {
      "Presets" : {
         "36EF34F9" : 1,
         "36EF351C" : 0.07999999821186066,
         "36EF3531" : 1,
         "36EF353F" : 1,
         "36EF35D7" : 0.4399999976158142,
         "36EF35D8" : 0.1500000059604645,
         "36EF35D9" : -0.3600000143051147,
         "36EF35DA" : -0.6200000047683716,
         "36EF3650" : 1,
         "36EF367A" : 0.949999988079071
      },
      "Regions" : {
         "186A0" : [
            0,
            -0.9300000071525574,
            0.3400000035762787,
            0.6200000047683716,
            0,
            0,
            0,
            0
         ],
         "186A2" : [
            0.6399999856948853,
            -0.07999999821186066,
            0.03999999910593033,
            0,
            0,
            0,
            0,
            0
         ],
         "186A3" : [
            -0.3799999952316284,
            0.1800000071525574,
            0.449999988079071,
            0,
            0,
            0,
            -0.8600000143051147,
            0
         ],
         "186A4" : [ 0, 0, -0.2000000029802322, 0, 0, 0, 0, 0 ],
         "186A5" : [ 0, 0, -0.5199999809265137, 0, 0.6700000166893005, 0, 0, 0 ],
         "186A7" : [ 0, 0, 1, 0, 0, 0, 0, 0 ],
         "186A8" : [
            0.4399999976158142,
            0.8700000047683716,
            -0.01999999955296516,
            0,
            0,
            0,
            -0.9200000166893005,
            0
         ],
         "186A9" : [ 0, 0, 0, 0, 0, 0, -0.4000000059604645, 0 ],
         "186AA" : [ 0, 0.3300000131130219, 0, 0, 0, 0, 0.8999999761581421, 0 ],
         "186AC" : [
            0.699999988079071,
            -0.7099999785423279,
            -0.1000000014901161,
            0,
            0,
            0,
            0,
            0
         ],
         "186AE" : [ 0, -0.1000000014901161, -0.25, 0, 0, 0, -0.01999999955296516, 0 ],
         "186AF" : [ 0, 0, -0.3100000023841858, 0, 0, 0, 0, 0 ],
         "186B0" : [
            0.07999999821186066,
            -0.4199999868869781,
            -0.09000000357627869,
            -0.449999988079071,
            0,
            0.009999999776482582,
            0.4699999988079071,
            0
         ],
         "186B1" : [ 0.699999988079071, -0.03999999910593033, -0.75, 0, 0, 0, 0, 0 ],
         "186B2" : [
            0,
            -0.8199999928474426,
            0.7699999809265137,
            0,
            0,
            0,
            0.6399999856948853,
            0
         ],
         "186B3" : [
            0,
            0.1400000005960464,
            -0.2300000041723251,
            0.009999999776482582,
            0,
            0,
            0.6100000143051147,
            0
         ],
         "186B4" : [
            0,
            -0.1700000017881393,
            0.2099999934434891,
            0,
            0,
            0,
            -0.300000011920929,
            0
         ],
         "186B5" : [ 0.4600000083446503, 0.25, 0.7699999809265137, 0, 0, 0, 0, 0 ],
         "186B6" : [ 0, 0.5400000214576721, 0.1599999964237213, 0, 0, 0, 0, 0 ],
         "186B7" : [ 0, -0.4600000083446503, 0, 0, 0, 0, -0.3499999940395355, 0 ],
         "186B8" : [ 0, -1, -1, 0, 0, 0, -0.01999999955296516, 0 ],
         "186B9" : [ 0, -0.7699999809265137, -1, 0, 0, 0, 0, 0 ],
         "186BA" : [ -0.4799999892711639, 0, 0, 0, 0, 0, 0, 0 ],
         "186BB" : [ 0, 0, -0.7200000286102295, 0, 0, 0, 0, 0 ],
         "274F" : [ 0, -0.3600000143051147, 0.2300000041723251, 0, 0, 0, 0, 0 ]
      },
      "Values" : [
         -0.2099999934434891,
         0.1500000059604645,
         0.1299999952316284,
         0.3199999928474426,
         -0.07000000029802322
      ]
   },
   "Overlays" : [
      {
         "priority" : -1,
         "template" : "WorthlessCuntArm"
      }
   ],
   "TintOrder" : [
      "4B7",
      "4BA",
      "4E1",
      "519",
      "726",
      "528",
      "51E",
      "51F",
      "6F6",
      "6CA",
      "6CE",
      "6D9",
      "6DA",
      "6B7",
      "6B8"
   ],
   "Tints" : {
      "490" : {
         "Color" : 15658999,
         "ColorID" : 1157,
         "Percent" : 100,
         "Type" : 1
      },
      "4DE" : {
         "Percent" : 100,
         "Type" : 2
      },
      "51E" : {
         "Color" : 0,
         "ColorID" : 1824,
         "Percent" : 79,
         "Type" : 1
      },
      "527" : {
         "Percent" : 25,
         "Type" : 2
      },
      "528" : {
         "Color" : 329093,
         "ColorID" : 1328,
         "Percent" : 29,
         "Type" : 1
      },
      "6B6" : {
         "Color" : 7831970,
         "ColorID" : 1655,
         "Percent" : 100,
         "Type" : 1
      },
      "6BA" : {
         "Percent" : 58,
         "Type" : 2
      },
      "6E9" : {
         "Percent" : 58,
         "Type" : 2
      },
      "726" : {
         "Color" : 4610408,
         "ColorID" : 1824,
         "Percent" : 90,
         "Type" : 1
      },
      "A36" : {
         "Percent" : 50,
         "Type" : 2
      },
      "A39" : {
         "Percent" : 52,
         "Type" : 2
      },
      "B71" : {
         "Color" : 11513775,
         "ColorID" : 1824,
         "Percent" : 100,
         "Type" : 1
      }
   },
   "Weight" : [ 0.4763915538787842, 0, 0.523608386516571 ]
}
