{
   "BodyMorphs" : {
      "BigButt" : 0.5747680068016052,
      "Breasts" : 0.7609448432922363,
      "Butt" : 0.5596566200256348,
      "ButtNew" : 0.0559508241713047,
      "ButtShape2" : 0.4438045024871826,
      "ButtSmall" : 0.005580459255725145,
      "ChubbyButt" : 0.4085448086261749,
      "RoundAss" : 1,
      "ShoulderWidth" : 0.9926490187644958
   },
   "Gender" : 1,
   "HairColor" : "LooksMenu Customization Compendium.esp|000813",
   "HeadParts" : [
      "Fallout4.esm|1E55C2",
      "AzarPonytailHairstyles.esp|026FBC",
      "Fallout4.esm|0CFB4E",
      "Fallout4.esm|04D0E9",
      "Fallout4.esm|0CFB3F",
      "Fallout4.esm|11CCBC"
   ],
   "Morphs" : {
      "Presets" : {
         "36EF34F7" : 1,
         "36EF351C" : 0.3600000143051147,
         "36EF352D" : 1,
         "36EF353B" : 1,
         "36EF3567" : 1,
         "36EF35D7" : 0.1799999922513962,
         "36EF35D8" : -0.7700000405311584,
         "36EF35D9" : 0.2000000476837158,
         "36EF35DA" : -0.00999996904283762,
         "36EF3650" : 1,
         "36EF3673" : 1,
         "36EF369A" : 1
      },
      "Regions" : {
         "186A0" : [ -0.02894840203225613, 1, 0, -0.7799999713897705, 0, 0, 0, 0 ],
         "186A1" : [
            0.2878416478633881,
            -0.6631309390068054,
            0.3100000023841858,
            0,
            0,
            0,
            0,
            0
         ],
         "186A2" : [
            0.9925202131271362,
            -0.49382284283638,
            -0.2000000029802322,
            0,
            0,
            0,
            0,
            0
         ],
         "186A3" : [
            0.5899999737739563,
            0.6499999761581421,
            -0.1400000005960464,
            0,
            0,
            0,
            -0.5799999833106995,
            0
         ],
         "186A4" : [
            0,
            0.4099999964237213,
            0.2699999809265137,
            0,
            0,
            0,
            -0.2300000041723251,
            0
         ],
         "186A5" : [ 0, 0.2099999934434891, -1, 0, 0, 0, 0, 0 ],
         "186A9" : [
            -0.02421778067946434,
            0.03349032625555992,
            0,
            0,
            0,
            0,
            0.3100000023841858,
            0
         ],
         "186AA" : [ 1, -1, -0.9030303359031677, 0, 0, 0, -0.6000000238418579, 0 ],
         "186AB" : [
            -0.1899999976158142,
            0.6599999666213989,
            0.01000000070780516,
            0,
            0,
            0,
            0.1000000014901161,
            0
         ],
         "186AC" : [ -1, 0.1200000271201134, 0.6800000071525574, 0, 0, 0, 0, 0 ],
         "186AD" : [ 0, 0.7200000286102295, 0.8500000238418579, 0, 0, 0, 0, 0 ],
         "186AE" : [
            0.02051947452127934,
            0.06957216560840607,
            -0.6600000262260437,
            -0.06999999284744263,
            0,
            0,
            0.02999999560415745,
            0
         ],
         "186B0" : [
            0.6339982151985168,
            -0.2079023867845535,
            0.2599999904632568,
            0.05000000074505806,
            0,
            0,
            0.02999999932944775,
            0
         ],
         "186B1" : [
            -0.01999999955296516,
            0.6499999761581421,
            -1,
            -0.2000000029802322,
            0,
            0,
            1,
            0
         ],
         "186B2" : [
            0,
            -0.4781057834625244,
            0.07999999821186066,
            0,
            0,
            0,
            0.6000000238418579,
            0
         ],
         "186B3" : [
            0.01059124432504177,
            -0.05269446596503258,
            -0.4000000059604645,
            0.1599999964237213,
            0,
            0,
            -0.2000000029802322,
            0
         ],
         "186B4" : [
            0.008068728260695934,
            0.1491046398878098,
            0,
            0,
            0,
            0,
            -0.3400000035762787,
            0
         ],
         "186B5" : [
            0.02999999932944775,
            0,
            0.5400000214576721,
            0,
            0,
            0.4000000059604645,
            0,
            0
         ],
         "186B6" : [
            0,
            0.4900000095367432,
            -0.3899999856948853,
            0,
            0,
            0,
            0.5799999833106995,
            0
         ],
         "186B7" : [ 0, 0.2393687963485718, -1, 0, 0, 0, -0.2199999988079071, 0 ],
         "186B8" : [
            0,
            0.6273989081382751,
            -0.4099999964237213,
            0,
            0,
            0,
            -0.4000000059604645,
            0
         ],
         "186B9" : [
            0.05287476256489754,
            -0.8399999737739563,
            0.300000011920929,
            0,
            0,
            0,
            0,
            0
         ],
         "186BA" : [ -0.75, 0.9200000166893005, 2.980232283178452e-09, 0, 0, 0, 0, 0 ],
         "186BB" : [ 0, 0.7199999690055847, 0.4099999964237213, 0, 0, 0, 0, 0 ],
         "274E" : [
            -0.6000000238418579,
            0.04999996349215508,
            0.3799999952316284,
            0,
            0,
            0,
            0,
            0
         ],
         "274F" : [ 0, 0.5626096129417419, 1, 0, 0, 0, 0, 0 ],
         "7A508" : [
            -0.1000000014901161,
            0.06000000238418579,
            -0.06000000610947609,
            0.300000011920929,
            0,
            0,
            0.1000000014901161,
            0
         ],
         "7A6FC" : [
            0.699999988079071,
            0.1500000208616257,
            0.2100000083446503,
            0,
            -0.1000000014901161,
            0,
            0.2000000029802322,
            0
         ],
         "7A706" : [ 0, 0, 0, 0, 0, 0, 0.2000000029802322, 0 ],
         "7A8F0" : [
            0.1000000014901161,
            -0.009999999776482582,
            0.05000000074505806,
            0,
            0,
            0,
            -0.2000000029802322,
            0
         ],
         "7ACD8" : [ 0, -0.01999999955296516, -0.05999999493360519, 0, 0, 0, 0, 0 ],
         "7AECC" : [ 0, -0.1000000387430191, 0, -1.490116141589226e-09, 0, 0, 0, 0 ],
         "7AED6" : [ 0, 0.7200000286102295, -0.2000000029802322, 0, 0, 0, -1, 0 ],
         "7B0C0" : [
            0,
            0.09000000357627869,
            0.1000000014901161,
            -0.2999999821186066,
            0,
            0,
            -0.1000000014901161,
            0
         ],
         "7B0CA" : [ 0, 0, 0, 0, 0, 0, -0.699999988079071, 0 ],
         "7B2B4" : [
            0.1900000125169754,
            -0.2800000011920929,
            0,
            0,
            0,
            0.300000011920929,
            0,
            0
         ],
         "7B2BE" : [ -0.4000000059604645, 0.4000000059604645, 0, 0, 0, 0, 0, 0 ],
         "7B4A8" : [
            -0.5,
            -0.07000000774860382,
            0.1000000014901161,
            0,
            0,
            0.1000000014901161,
            0,
            0
         ],
         "7B4B2" : [ 0.75, 0.0300000011920929, 0, 0, 0, 0, 0, 0 ],
         "7B890" : [
            0.04000000283122063,
            0.09000000357627869,
            -0.1000000014901161,
            0,
            0,
            -0.1000000014901161,
            1.490116141589226e-09,
            0
         ],
         "7B89A" : [
            0.199999988079071,
            -0.1299999952316284,
            -2.980232283178452e-09,
            0,
            0,
            0,
            -0.4000000059604645,
            0
         ],
         "7B8AE" : [ 0, 0, 0, 0, 0, 0, 0.300000011920929, 0 ],
         "7B8B2" : [ 0, 0, 0, 0, 0, 0, 0.6000000238418579, 0 ],
         "7B8D0" : [ 0, 0, 0, 0, 0.2000000029802322, 0, 0, 0 ],