{
   "Gender" : 1,
   "HairColor" : "VHCE.esp|000F9D",
   "HeadParts" : [
      "MiscHairstyle.esp|0008C0",
      "Fallout4.esm|11CCBC",
      "The Eyes Of Beauty.esp|002461",
      "Fallout4.esm|0CFB3F",
      "Fallout4.esm|04D0E9",
      "Fallout4.esm|0CFB4E"
   ],
   "Morphs" : {
      "Presets" : {
         "36EF350B" : 1,
         "36EF352F" : 1,
         "36EF3565" : 1,
         "36EF35D7" : 0.5400000214576721,
         "36EF35D8" : -0.1299999952316284,
         "36EF35D9" : 0.1700000017881393,
         "36EF35DA" : 0.06000000238418579,
         "36EF3651" : 1,
         "36EF3672" : 1,
         "36EF369B" : 1
      },
      "Regions" : {
         "186A0" : [
            -0.2239950001239777,
            1,
            -0.05999999865889549,
            0.1599999964237213,
            0,
            0,
            0,
            0
         ],
         "186A1" : [ -0.6909629702568054, -1, -0.7099999785423279, 0, 0, 0, 0, 0 ],
         "186A2" : [ -0.4740880131721497, -1, -0.7400000095367432, 0, 0, 0, 0, 0 ],
         "186A3" : [
            0.449999988079071,
            -0.02999999932944775,
            -0.4900000095367432,
            0,
            0,
            0,
            -0.300000011920929,
            0
         ],
         "186A4" : [
            0,
            -0.1031470000743866,
            -0.03999999910593033,
            0,
            0,
            0,
            0.03999999910593033,
            0
         ],
         "186A5" : [
            -0.2000000029802322,
            -0.2232860028743744,
            -0.2800000011920929,
            0,
            -0.2000000029802322,
            0,
            0.009999999776482582,
            0
         ],
         "186A8" : [ 1, -0.09283600002527237, 0, 0, 0, 0, 0, 0 ],
         "186A9" : [
            -0.3656449913978577,
            -0.09000000357627869,
            -0.5400000214576721,
            0,
            0,
            0,
            -0.03999999910593033,
            0
         ],
         "186AA" : [
            0.009999999776482582,
            -0.2000000029802322,
            -0.1599999964237213,
            0,
            0,
            0,
            -0.2800000011920929,
            0
         ],
         "186AB" : [
            0.550000011920929,
            0.4156919717788696,
            -0.4699999690055847,
            0,
            0,
            0,
            0,
            0
         ],
         "186AC" : [
            -0.01999999955296516,
            -0.6299999952316284,
            0.03999999910593033,
            0,
            0,
            0,
            0,
            0
         ],
         "186AD" : [ 0, -0.1500000059604645, -0.5099999904632568, 0, 0, 0, 0, 0 ],
         "186AE" : [
            -0.08162400126457214,
            -0.1690080016851425,
            -0.449999988079071,
            0,
            0,
            0,
            -0.05000000074505806,
            0
         ],
         "186AF" : [ 0, 0, -0.5, 0, 0, 0, 0, 0 ],
         "186B0" : [
            0.2700000107288361,
            -0.2700000107288361,
            -0.9399999976158142,
            -0.1700000017881393,
            0,
            0,
            0.2099999934434891,
            0
         ],
         "186B1" : [
            0.3400000035762787,
            -0.4300000071525574,
            0.1800000071525574,
            0,
            0,
            0,
            1,
            0
         ],
         "186B2" : [
            0,
            -0.5412889719009399,
            -0.6299999952316284,
            0,
            0,
            0,
            -0.9800000190734863,
            0
         ],
         "186B3" : [
            0.1860720068216324,
            -0.6899999976158142,
            -0.1000000014901161,
            0,
            0,
            0,
            0.5699999928474426,
            0
         ],
         "186B4" : [
            0.02912000007927418,
            -0.1800410002470016,
            -0.7900000214576721,
            0,
            0,
            0,
            -0.1000000014901161,
            0
         ],
         "186B5" : [
            0.2899999916553497,
            -0.09000000357627869,
            0.550000011920929,
            0,
            0,
            -0.1400000005960464,
            0,
            0
         ],
         "186B6" : [
            0,
            0.05999999865889549,
            -0.119999997317791,
            0,
            0,
            0,
            -0.3499999940395355,
            0
         ],
         "186B7" : [ 0, 0, -0.3799999952316284, 0, 0, 0, 0.01999999955296516, 0 ],
         "186B8" : [ 0, -1, -1, 0, 0, 0, 0.239999994635582, 0 ],
         "186B9" : [
            0.1333689987659454,
            0.2899999916553497,
            -0.8700000047683716,
            0,
            0,
            0,
            0,
            0
         ],
         "186BA" : [
            0.8299999833106995,
            0.07999999821186066,
            -0.3799999952316284,
            0,
            0,
            0,
            0,
            0
         ],
         "186BB" : [ 0, 0.1500000059604645, -0.09999994933605194, 0, 0, 0, 0, 0 ],
         "274E" : [
            -0.1800000071525574,
            -0.5699999928474426,
            -0.2000000029802322,
            0,
            0,
            0,
            0,
            0
         ],
         "274F" : [ 0, -0.3499999940395355, 0.02999999932944775, 0, 0, 0, 0, 0 ],
         "7A512" : [ 0, -0.1599999964237213, -0.04999999701976776, 0, 0, 0, 0, 0 ],
         "7A706" : [ 0, 0.550000011920929, 0.5600000023841858, 0, 0, 0, 0, 0 ],
         "7AECC" : [ 0, 0.1299999952316284, 0, 0, 0, 0, 0, 0 ],
         "7AED6" : [ 0, 0, 0.4000000059604645, 0, 0, 0, 0, 0 ],
         "7B0C0" : [ 0, 0.1299999952316284, 0, -0.5, 0, 0, -0.300000011920929, 0 ],
         "7B0CA" : [ 0, -0.3400000035762787, 0, 0, 0, 0, -0.1000000089406967, 0 ],
         "7B2B4" : [
            0.06000000238418579,
            0.05000000447034836,
            0,
            0,
            0,
            2.980232283178452e-09,
            0,
            0
         ],
         "7B2BE" : [ -0.2400000095367432, 0, 0, 0, 0, 0, 0, 0 ],
         "7B4B2" : [ 0, 0, 0.4000000059604645, 0, 0, 0, 0, 0 ],
         "7B890" : [ 0, 0, 0, 0, 0, 0.1000000089406967, 0, 0 ],
         "7BC78" : [ 0, -0.1000000014901161, -0.1000000014901161, 0, 0, 0, 0, 0 ],
         "7BE6C" : [
            0,
            0.1600000113248825,
            0,
            -0.2000000029802322,
            0,
            0,
            -0.300000011920929,
            0
         ],
         "7BE76" : [ 0, 0, 0, 0, 0, 0, -0.2000000029802322, 0 ],
         "7C254" : [ 0, -0.05000000074505806, -0.07999999821186066, 0, 0, 0, 0, 0 ],
         "7C448" : [ 0, -0.05000000074505806, -0.009999999776482582, 0, 0, 0, 0, 0 ],
         "7C63C" : [
            0,
            0.1299999952316284,
            0.300000011920929,
            0.300000011920929,
            0,
            0,
            -0.4000000059604645,
            0
         ],
         "7D5DC" : [ 0.07000000029802322, 0.02000000141561031, 0, 0, 0, 0, 0.5, 0 ],
         "7D7D0" : [ 0, 0, 0.1000000014901161, 0, 0, 0, 0, 0 ],
         "7D9C4" : [ 0, -0.1299999952316284, 0, 0, 0, 0, -0.1000000014901161, 0 ],
         "7DDAC" : [
            -0.009999996982514858,
            -0.1000000014901161,
            0,
            0,
            0,
            -0.2000000029802322,
            -0.300000011920929,
            0
         ],
         "7E194" : [
            -0.0300000011920929,
            0.06000000238418579,
            0,
            0,
            0,
            0.1000000014901161,
            0,
            0
         ],
         "7E388" : [
            0.1500000059604645,
            -0.1099999994039536,
            0,
            0,
            0,
            2.980232283178452e-09,
            -0.300000011920929,
            0
         ],